name,code,latitude,longitude,zoom,languages
Afghanistan,AF,33.93911,67.709953,6,ps|uz|tk
Albania,AL,41.153332,20.168331,7,sq
Algeria,DZ,28.033886,1.659626,5,ar|fr
Andorra,AD,42.546245,1.601554,8,ca|es|fr
Angola,AO,-11.202692,17.873887,5,pt|kg|kmb|ln|chokwe
Argentina,AR,-38.416097,-63.616672,4,es
Armenia,AM,40.069099,45.038189,7,hy
Australia,AU,-25.274398,133.775136,3,en
Austria,AT,47.516231,14.550072,7,de
Azerbaijan,AZ,40.143105,47.576927,6,az
Bahamas,BS,25.03428,-77.39628,7,en
Bahrain,BH,25.930414,50.637772,8,ar
Bangladesh,BD,23.684994,90.356331,6,bn
Barbados,BB,13.193887,-59.543198,8,en
Belarus,BY,53.709807,27.953389,6,be|ru
Belgium,BE,50.503887,4.469936,7,nl|fr|de
Belize,BZ,17.189877,-88.49765,7,en|es
Benin,BJ,9.30769,2.315834,6,fr
Bhutan,BT,27.514162,90.433601,7,dz
Bolivia,BO,-16.290154,-63.588653,5,es|qu|ay
Bosnia and Herzegovina,BA,43.915886,17.679076,7,bs|hr|sr
Botswana,BW,-22.328474,24.684866,6,en|tn
Brazil,BR,-14.235004,-51.92528,4,pt
Brunei Darussalam,BN,4.535277,114.727669,8,ms|en
Bulgaria,BG,42.733883,25.48583,7,bg
Burkina Faso,BF,12.238333,-1.561593,6,fr
Burundi,BI,-3.373056,29.918886,7,fr|rn
Cabo Verde,CV,16.002082,-24.013197,7,pt
Cambodia,KH,12.565679,104.990963,6,km
Cameroon,CM,7.369722,12.354722,6,fr|en
Canada,CA,56.130366,-106.346771,3,en|fr
Central African Republic,CF,6.611111,20.939444,6,fr|sg
Chad,TD,15.454166,18.732207,5,fr|ar
Chile,CL,-35.675147,-71.542969,4,es
China,CN,35.86166,104.195397,4,zh
Colombia,CO,4.570868,-74.297333,4,es
Comoros,KM,-11.875001,43.872219,8,ar|fr|sw
Congo (Congo-Brazzaville),CG,-0.228021,15.827659,6,fr
Congo (Congo-Kinshasa),CD,-4.038333,21.758664,5,fr|ln|kg|sw|lu
Costa Rica,CR,9.748917,-83.753428,6,es
Croatia,HR,45.1,15.2,7,hr
Cuba,CU,21.521757,-77.781167,6,es
Cyprus,CY,35.126413,33.429859,7,el|tr
Czechia,CZ,49.817492,15.472962,7,cs
Denmark,DK,56.26392,9.501785,6,da
Djibouti,DJ,11.825138,42.590275,7,fr|ar
Dominica,DM,15.414999,-61.370976,8,en
Dominican Republic,DO,18.735693,-70.162651,6,es
Ecuador,EC,-1.831239,-78.183406,6,es
Egypt,EG,26.820553,30.802498,5,ar
El Salvador,SV,13.794185,-88.89653,6,es
Equatorial Guinea,GQ,1.650801,10.267895,6,es|fr|pt
Eritrea,ER,15.179384,39.782334,6,ti|ar|en
Estonia,EE,58.595272,25.013607,7,et
Eswatini,SZ,-26.522503,31.465866,7,en|ss
Ethiopia,ET,9.145,40.489673,5,am|om|ti
Fiji,FJ,-17.713371,178.065032,7,en|fj
Finland,FI,61.92411,25.748151,6,fi|sv
France,FR,46.603354,1.888334,5,fr
Gabon,GA,-0.803689,11.609444,6,fr
Gambia,GM,13.443182,-15.310139,7,en
Georgia,GE,42.315407,43.356892,7,ka
Germany,DE,51.165691,10.451526,5,de
Ghana,GH,7.946527,-1.023194,6,en
Greece,GR,39.074208,21.824312,6,el
Grenada,GD,12.262776,-61.604171,8,en
Guatemala,GT,15.783471,-90.230759,6,es
Guinea,GN,9.945587,-9.696645,6,fr
Guinea-Bissau,GW,11.803749,-15.180413,7,pt
Guyana,GY,4.860416,-58.93018,6,en
Haiti,HT,18.971187,-72.285215,6,ht|fr
Honduras,HN,15.199999,-86.241905,6,es
Hungary,HU,47.162494,19.503304,6,hu
Iceland,IS,64.963051,-19.020835,6,is
India,IN,20.593684,78.96288,4,hi|en|bn|te|mr
Indonesia,ID,-0.789275,113.921327,4,id
Iran,IR,32.427908,53.688046,5,fa
Iraq,IQ,33.223191,43.679291,5,ar|ku
Ireland,IE,53.41291,-8.24389,6,en|ga
Israel,IL,31.046051,34.851612,6,he|ar
Italy,IT,41.87194,12.56738,5,it
Jamaica,JM,18.109581,-77.297508,6,en
Japan,JP,36.204824,138.252924,5,ja
Jordan,JO,30.585164,36.238414,6,ar
Kazakhstan,KZ,48.019573,66.923684,4,kk|ru
Kenya,KE,-1.286389,36.817223,5,en|sw
Kiribati,KI,-3.370417,-168.734039,8,en
Kuwait,KW,29.31166,47.481766,7,ar
Kyrgyzstan,KG,41.20438,74.766098,6,ky|ru
Laos,LA,19.85627,102.495496,6,lo
Latvia,LV,56.879635,24.603189,7,lv
Lebanon,LB,33.854721,35.862285,7,ar|fr
Lesotho,LS,-29.609988,28.233608,7,en|st
Liberia,LR,6.428055,-9.429499,7,en
Libya,LY,26.3351,17.228331,5,ar
Liechtenstein,LI,47.166,9.555373,8,de
Lithuania,LT,55.169438,23.881275,7,lt
Luxembourg,LU,49.815273,6.129583,7,fr|de|lb
Madagascar,MG,-18.87919,46.869107,6,fr|mg
Malawi,MW,-13.254308,34.301525,6,en|ny
Malaysia,MY,4.210484,101.975766,6,ms|zh|ta|en
Maldives,MV,3.202778,73.22068,8,dv
Mali,ML,17.570692,-3.996166,6,fr
Malta,MT,35.937496,14.375416,8,mt|en
Marshall Islands,MH,7.131474,171.184478,8,en|mh
Mauritania,MR,21.00789,-10.940835,6,ar
Mauritius,MU,-20.348404,57.552152,7,en|fr
Mexico,MX,23.634501,-102.552784,5,es
Micronesia,FM,7.425554,150.550812,8,en
Moldova,MD,47.411631,28.369885,6,ro|ru
Monaco,MC,43.738418,7.424616,8,fr
Mongolia,MN,46.862496,103.846656,5,mn
Montenegro,ME,42.708678,19.37439,7,sr
Morocco,MA,31.791702,-7.09262,6,ar|fr
Mozambique,MZ,-18.665695,35.529562,6,pt
Myanmar,MM,21.913965,95.956223,6,my
Namibia,NA,-22.95764,18.49041,6,en|af
Nauru,NR,-0.522778,166.931503,8,en|na
Nepal,NP,28.394857,84.124008,6,ne
Netherlands,NL,52.132633,5.291266,6,nl
New Zealand,NZ,-40.900557,174.885971,5,en|mi
Nicaragua,NI,12.865416,-85.207229,6,es
Niger,NE,17.607789,8.081666,6,fr
Nigeria,NG,9.081999,8.675277,5,en|ha|yo|ig
North Macedonia,MK,41.608635,21.745275,6,mk
Norway,NO,60.472024,8.468946,5,no
Oman,OM,21.473533,55.975413,6,ar
Somalia,SO,5.152149,46.199616,6,so|ar
South Africa,ZA,-30.559482,22.937506,5,en|zu|xh|af|nso
South Korea,KR,35.907757,127.766922,6,ko
South Sudan,SS,6.877,31.307,6,en|ar
Spain,ES,40.463667,-3.74922,5,es
Sri Lanka,LK,7.873054,80.771797,6,si|ta
Sudan,SD,12.862807,30.217636,5,ar|en
Suriname,SR,3.919305,-56.027783,6,nl|srn
Sweden,SE,60.128161,18.643501,5,sv
Switzerland,CH,46.818188,8.227512,6,de|fr|it|rm
Syria,SY,34.802075,38.996815,6,ar
Tajikistan,TJ,38.861034,71.276093,6,tg|ru
Tanzania,TZ,-6.369028,34.888822,5,sw|en
Thailand,TH,15.870032,100.992541,5,th
Timor-Leste,TL,-8.874217,125.727539,7,pt|tet
Togo,TG,8.619543,0.824782,6,fr
Tonga,TO,-21.178986,-175.198242,7,to|en
Trinidad and Tobago,TT,10.691803,-61.222503,6,en
Tunisia,TN,33.886917,9.537499,6,ar|fr
Turkey,TR,38.963745,35.243322,5,tr
Turkmenistan,TM,38.969719,59.556278,6,tk|ru
Tuvalu,TV,-7.109535,177.64933,8,en|tv
Uganda,UG,1.373333,32.290275,6,en|sw
Ukraine,UA,48.379433,31.16558,5,uk|ru
United Arab Emirates,AE,23.424076,53.847818,6,ar
United Kingdom,GB,55.378051,-3.435973,5,en
United States,US,37.09024,-95.712891,4,en|es
Uruguay,UY,-32.522779,-55.765835,6,es
Uzbekistan,UZ,41.377491,64.585262,6,uz|ru
Vanuatu,VU,-15.376706,166.959158,7,bi|en|fr
Vatican City,VA,41.902916,12.453389,8,it
Venezuela,VE,6.42375,-66.58973,5,es
Vietnam,VN,14.058324,108.277199,5,vi
Yemen,YE,15.552727,48.516388,5,ar
Zambia,ZM,-13.133897,27.849332,6,en
Zimbabwe,ZW,-19.015438,29.154857,6,en|sn|nd